business_address,review_author,review_date,review_rating,review_content,category_ratings
"3036 SW Martin Downs Blvd, Palm City, FL 34990",nishant narula,2025-01-10,4,"We were traveling from Miami to Tampa, and during the journey, our infant needed milk. To make the stop more convenient for everyone, we searched for a nearby Starbucks and decided to take a break there. It turned out to be a perfect spot for both the baby's needs and for us to relax before continuing the long drive.

As we entered, we were greeted by festive Christmas decorations that added a warm and cheerful vibe to the place. The ambiance was cozy and welcoming, making it a pleasant spot to unwind. While ordering milk for our infant, we also took advantage of the clean and well-maintained restrooms, which was a big relief during a road trip.

In addition to fulfilling our immediate needs, I was delighted to find the Florida-themed Starbucks mug, which I'd been missing from my collection.

This Starbucks not only served its practical purpose--providing milk for the baby and clean facilities--but also offered a great environment for us to recharge before hitting the road again.",Food:4 | Service:4 | Atmosphere:4
"3036 SW Martin Downs Blvd, Palm City, FL 34990",Jessica Sue Morgan,2025-03-11,1,"The only reason why I am leaving a one star review is because of the wait times. Customer service is wonderful, however, of the 3 times we went this week, I had to wait 20 minutes for our order. Mind you, I have an extremely easy order, 2 venti iced coffees, one with cream, the other with a shot of espresso. That shouldn‚Äôt take 20 minutes. I‚Äôm not too sure we‚Äôll be back, which is a huge disappointment.",Service:1
"3036 SW Martin Downs Blvd, Palm City, FL 34990",alvorous,2025-02-09,1,"The worst customer service I ever experienced, these people can‚Äôt handle pressure and need to find a computer job so they can be away from people. The multi-color hair girl cannot even answer politely to a simple polite question. Obviously cannot do her job and her drinks are the worst. One word fire this crew",Food:2 | Service:1 | Atmosphere:3
"3036 SW Martin Downs Blvd, Palm City, FL 34990",Diana Pitts,2025-01-10,5,"By far the best syarbucks in the area. I go out of my way to go to this location. The coffee is always made perfect and the ordered are always correct. All of the staff at this location is very helpful, sweet, and efficient. I never seen a busier starbucks move through a line quicker.",Food:5 | Service:5 | Atmosphere:5
"3036 SW Martin Downs Blvd, Palm City, FL 34990",Drew Weil,2025-01-10,2,I ordered a Water and a cake pop and it took 20 minutes. The atmosphere is alright and the food looks like plastic in the window. Coffee is the biggest waste of money on planet earth.,Food:3 | Service:2 | Atmosphere:2
"3036 SW Martin Downs Blvd, Palm City, FL 34990",Randall Collett,2025-01-10,4,I like this place. Service usually friendly and fast. They lost the star for the comfort of the inside. Not a place to relax and have a coffee It's only a place to have a coffee to go,Food:4 | Service:5 | Atmosphere:3
"3036 SW Martin Downs Blvd, Palm City, FL 34990",Asacia LaFord,2025-01-10,1,"Absolute worst experience at any Starbucks I‚Äôve ever been to. Waited in an extremely long drive-through line only to get cut off by other cars. So I decided to go inside and somebody took my sandwich when I was standing right next to them and walked out with it, telling her daughter that she took someone‚Äôs sandwich and they walked out. What kind of people live near this Starbucks???",
"3036 SW Martin Downs Blvd, Palm City, FL 34990",Alyssa Grey,2020-06-10,5,A wonderful location with an extremely friendly and amicable staff. Come try and enjoy the Clover Press! A remarkable way to try coffee and one of only to locations with a Clover in the area!,
"3036 SW Martin Downs Blvd, Palm City, FL 34990",Amber Fortino Castro,2022-06-10,5,"Starbucks was packed! The drive-thru line was wrapped around the building so I went inside to order. The dinning room was also packed. However, I was greeted as I walked through the door & you could see the smile under their masks, through their eyes. They completed all of the orders, both the drive-thru and inside, quickly and efficiently. I did not hear 1 person complain. THANKS PALM CITY STARBUCKS! Everyone was awesome! I‚Äôll definitely be back soon.",
"3036 SW Martin Downs Blvd, Palm City, FL 34990",kendal thomas,2024-09-12,1,Lady was super nice but my BACON gouda sandwich bad a sliver of bacon. $5ish bucks for this‚Ä¶,Food:1 | Service:3
"3036 SW Martin Downs Blvd, Palm City, FL 34990",Erin Neild,2024-11-11,1,"This review is pertaining to the manager lilli lozeau . She sends email on a Sunday night requesting to do an interview with me sometime during the week , I respond about a hour after receiving  the email. Now it‚Äôs almost a week later and still NO reply to my email . Very unprofessional. No consideration of others . 2 emails sent and not one reply . I understand people are busy ‚Ä¶ But come on ! Get with it girl !!",
"3036 SW Martin Downs Blvd, Palm City, FL 34990",hotchiefDSO DSO,2025-05-10,4,"Good service I took away one star because it‚Äôs extremely pricey and I don‚Äôt care for the companies, politics potentially supporting genocide",
"3036 SW Martin Downs Blvd, Palm City, FL 34990",Heather Davis,2024-10-12,2,"I don't know what's happening with this location lately. About half the time my drink doesn't taste quite right, and when I order my drink with cold foam you barely get any. Especially since it's $1.25 for cold foam. Just make the drink right the first time.",
"3036 SW Martin Downs Blvd, Palm City, FL 34990",Chad Cherf,2022-06-10,5,Staff went out of make to make correct substitutions for out of stock items on mobile order.  Over communication was key.,
"3036 SW Martin Downs Blvd, Palm City, FL 34990",Sammie Oliva,2025-01-10,5,Had a bad experience but thank you Lilly for making it better your customer service is awesome,
"3036 SW Martin Downs Blvd, Palm City, FL 34990",john segovia,2024-06-09,5,"Was in there yesterday and they were backed up with food orders.  Miguel was apologetic and kept on checking on my croissants.  When they were ready he gave me a gift card as well for my extra wait. I really didn‚Äôt complain about the wait but I‚Äôm sure Miguel noticed I was getting antsy waiting.  It was a few dollars on the gift card, but it‚Äôs not the amount it‚Äôs the thought that went into it that goes a long way for customers. I don‚Äôt live in Martin county but was in the area working a special event.  I have been a long time customer of Starbucks and will continue.  Thank you Miguel.",
"3036 SW Martin Downs Blvd, Palm City, FL 34990",jordon taylor,2024-07-14,2,"I walked in and tried to order a coffee. The barista(Alaina) that took my order didn't blatantly say anything negative, however, her facial expressions and demeanor during the whole interaction gave off haughty and annoyed vibes. I became confused at one point after asking a question on the nutritional facts of using oat milk instead of whole milk and Alaina proceeded to brush me off without giving me an anwser and even though there wasn't a single other person in line or in the drive through, she tried to rush me into not caring about the drink and how it would affect my body. I felt like this barista felt like I was not as important as her other responsibilities within the store. I am leaving this review in hopes of the store management becoming aware of a potential problem because while I can brush the whole thing behind me as maybe Alaina was having a bad day, someone else may take this personally. Thank you and I wish Alaina and the other employees the best.",Food:4 | Service:1 | Atmosphere:3
"3036 SW Martin Downs Blvd, Palm City, FL 34990",Juan Lopez,2017-06-11,4,"Good service. Just a few seatings inside but large seating area outside. Unfortunately it's summer and nobody wants to be outside. Just a few minutes from the highway, so good for a quick stop.",
"3036 SW Martin Downs Blvd, Palm City, FL 34990",Crypto Chef,2023-06-10,1,Very unfriendly staff. Slow. Place looks dirty. No napkins in the disposal. Will not return to this location. I hope a manager checks on them during Sundays.,
"3036 SW Martin Downs Blvd, Palm City, FL 34990",Samantha Brodnick,2024-06-09,5,"This was such a delightful spur of the moment stop on my way home from a long day at work. This location has blown me away with their customer service, kindness, and delicious drinks. Every single employee I interacted with today (5:30ish on 11/2/23) was welcoming, patient and so very sweet. Sam helped me out at the register and with my drink recommendation and was an absolute gem of a human being (that Gingerbread Oatmilk Chai is SO good y‚Äôall AND it‚Äôs dairy free!). I can‚Äôt believe it took me so long to stop at this location and I will for sure be back!",Food:5 | Service:5 | Atmosphere:5
"3036 SW Martin Downs Blvd, Palm City, FL 34990",john sefchick,2024-06-09,4,"I have only been inside twice over the past 4 years, and both times, it was beyond crowded and frustrating.   I use the drive-through.  I have never had a bad experience with a barista.  My orders are correct darn near 100% of the time, and when incorrect, they are fixed instantly and with a smile and apology.   Overall, it is one of the better Starbucks locations that I have frequented.",Food:4 | Service:4
"3036 SW Martin Downs Blvd, Palm City, FL 34990",Ryan P,2024-06-09,5,"Despite the chaotic drive-thru, the exceptional friendliness of the staff made it worth the wait. I appreciate good customer service and the team at this location went above and beyond to make me feel welcome. From their warm greetings to their genuine smiles, the staff created a positive experience that overshadowed any inconvenience caused by the drive-thru situation.",Food:5 | Service:5 | Atmosphere:4
"3036 SW Martin Downs Blvd, Palm City, FL 34990",Denissia Pickrell,2024-06-09,5,"Julie, who was mentioned in a review today, has great customer service. She handled the berating by two entitled women very well. Not only that, but the manager on duty did a good job of getting these particular patrons off the property as soon as possible. They were very disruptive of the environment, yet he handled the situation well and made sure all employees were safe in the process. On a general note, readers be weary of reviews posted from anonymous accounts (owned by their employer, too‚Äî these two geniuses did not strike me as gastric doctors to put it lightly).",Food:5 | Service:5 | Atmosphere:5
"3036 SW Martin Downs Blvd, Palm City, FL 34990",Shelby Smith,2024-06-09,1,The girl at the window today is always great however others are rude and the food is ALWAYS COLD. Multiple times the sandwich is still frozen in the middle. You really need to figure this out. Yes I could easily go to another location but that doesn‚Äôt fix THIS stores issue.,Food:1 | Service:1 | Atmosphere:1
"3036 SW Martin Downs Blvd, Palm City, FL 34990",Mark Husk,2024-06-09,2,Having everyone blurt out welcome in when someone comes in the door is very insincere. Kind of like telling someone they look great while looking down.  Very fake and inauthentic.  I'd rather have nothing said.,
"3036 SW Martin Downs Blvd, Palm City, FL 34990",Ahmad Vazquez,2025-03-11,3,Hot or cold lol depends on the day but I understand,Food:4 | Service:4 | Atmosphere:4
"3036 SW Martin Downs Blvd, Palm City, FL 34990",Gledia Tri,2024-06-09,1,"I went in for a short business casual meeting. First time in this location.

CONS
*Super loud music
*Not relaxing music
*Cold design - gray cafeteria like atmosphere
*Freezing temperature
*Uncomfortable chairs
*Chairs and floor contact is Horrid! Loudest screeching sound against tile floor makes it even more uncomfortable to be relaxed here.

If I didn't know any better I'd think they don't want people to stay in. Strange since Starbucks is generally known for atmosphere.

PROS
*Kind/friendly staff",Service:3 | Atmosphere:1
"3036 SW Martin Downs Blvd, Palm City, FL 34990",Lindsey Calvino,2024-06-09,1,it was absolutely gross. i bit into my bacon guada and the outside of it is warm and the inside is freezing cold it was so nasty. they do it so quickly that you just know they didn‚Äôt take the time. this is gross and im never going back.,Food:1
"3036 SW Martin Downs Blvd, Palm City, FL 34990",Lauren Black,2024-06-09,1,"Every time I visit the Palm City Starbucks I leave disappointed. Today was my last straw... never going to the Palm City location again! I've had ""blended"" drinks that were one giant ice cube, such freezing interior that I couldn't stay even with a sweater and a hot drink, and multiple times when the internet was out. Today, I went between dropping off my son and my annual physical (in the doctor's office next door). I wanted to work for the hour between. Unfortunately, after buying my $8 drink to use their wifi, I discovered that their wifi was down. When inquiring about it, the barista suggested that I go try Panera. However, then I'd feel obligated to buy ANOTHER drink to work from Panera (though she said ""oh it's fine to bring an outside drink in to Panera"" ‚Äî which I feel too rude to do)... plus, I didn't want to go to Panera since I needed to be next door in less than an hour. What a waste of time and money! This Starbucks does NOT live up to the Starbucks brand standards, that usually offers a superior experience at every other location.",
"3036 SW Martin Downs Blvd, Palm City, FL 34990",mike moss,2023-06-10,5,"I've been meaning to leave a review for a few weeks now.. Shout out to James, Krystal and the entire staff here. I'm usually not much of a early morning person but they're always very kind and provide great service. They know exactly what I order when I walk in and same with my father. I used to not care much for Starbucks but they've won me over at this point lol

Sincerely Ian aka the green tea/black tea guy",
"3036 SW Martin Downs Blvd, Palm City, FL 34990",Penny Stalker,2023-06-10,5,"My daughter & I have been going to the Palm City Starbucks for years! We enjoy our mornings with a trip to SB's!. It's great to see familiar faces: James is wonderful, funny and always makes my visit enjoyable & Ryan is always so helpful and kind! Sam has a smile and a Cheerful ""Hello"" for you every morning and you can't beat that!! What a great start to your day! :) So glad they are there for us day after day!",
"3036 SW Martin Downs Blvd, Palm City, FL 34990",izzy hogan,2024-06-09,1,"messed up my order, then when i told them they talked started saying ‚Äúno way she just complained‚Äù like really? no way you just messed up my order. also, while i was studying the employees were laughing extremely loud and were disrespectful just in general",Food:3 | Service:1 | Atmosphere:1
"3036 SW Martin Downs Blvd, Palm City, FL 34990",M D,2022-06-10,1,Today I waited 35 minutes in the drive thru when there were only 4 cars in front of me. This Starbucks is soooo slow. Do not go to this location if you are in a hurry however if you genuinely love sitting in your car waiting 30+ minutes for a coffee then this is the place to go.,
"3036 SW Martin Downs Blvd, Palm City, FL 34990",brianne esposito,2024-07-14,5,Staff is always friendly. Drive thru is never a long wait.  Love the grilled cheese.,Food:5 | Service:5 | Atmosphere:5
"3036 SW Martin Downs Blvd, Palm City, FL 34990",Natalie Tompkins (Mama_NatTyne),2023-06-10,5,"Friendly, love the outdoor seating,  and high chair for my little man. Matcha frappe with coconut milk, and a bacon gouda & egg sandwich for my 18 month old the bread was a little to thick for him but as soon as he smelled the sandwich he said yummy yummy.",Food:5 | Service:5 | Atmosphere:5
"3036 SW Martin Downs Blvd, Palm City, FL 34990",Pablo Jim,2021-06-10,1,"The worst service and manners of any establishment in Martin County. They do not speak up while taking your order. The wait time for a bagel and a coffee was 25 minutes. I ordered a bagel toasted and with cream cheese. I received a partially cut, warm bagel, with no cream cheese or utensils. I recommend you take your business elsewhere to a place where the workers are professional.",
"3036 SW Martin Downs Blvd, Palm City, FL 34990",Damien McGhan,2021-06-10,1,This has got to be the most incompetent Starbucks I have ever been to. I have been here 4 times because they are right by my house and ALL 4 times they have failed to get my drink right the first time. This last was definitely the last time. The staff is extremely rude at likes to point blame at the customer for inability to follow directions. I‚Äôve had it I‚Äôm done. Every other Starbucks in he country can somehow get my drink right but you troglodytes cannot.,
"3036 SW Martin Downs Blvd, Palm City, FL 34990",kirsten jones,2020-06-10,1,Worst experience ever at this Starbucks. Used to be a regular and talk very highly of this Starbucks. This morning at 530 am the lady at the drive through window talked to the lady in the car in front of me for 5 minutes while my order was ready at the window. I would never go back to this Starbucks again or recommend. Slow service. They were clearly talking gossip nothing work related or premier customer service.,
"3036 SW Martin Downs Blvd, Palm City, FL 34990",Erika Buchtel,2021-06-10,5,"I went through the drive thru today and didn‚Äôt know what I wanted. I told the barista to surprise me. She made me her favorite drink, and it was delicious. She was also the sweetest lady with the cutest hair bow. I appreciated your kindness today! It made my week.",
"3036 SW Martin Downs Blvd, Palm City, FL 34990",Mary Ann Claus,2023-06-10,5,"This is one of my favorite locations in the entire country. The staff is sweet, the drinks are wonderful, there's never a long wait, and it's always well kept inside.

Always good vibes, every time we come.",Food:5 | Service:5 | Atmosphere:5
"3036 SW Martin Downs Blvd, Palm City, FL 34990",Livia Taylor,2020-06-10,1,"This Starbucks has got to be the most inefficient Starbucks I‚Äôve ever been too. It‚Äôs always out of stuff, I‚Äôve had two mobile orders that ‚Äòhave been taken by others‚Äô and I‚Äôve had to rudely ask where my drinks are. The drive thru is always a million cars long. Management needs to get there flow correct to be able to help it‚Äôs customers.",
"3036 SW Martin Downs Blvd, Palm City, FL 34990",CR B,2022-06-10,3,"Coffee is usually pretty good. Espresso is just not that good. I'd rather have the espresso from my Nespresso machine. Also oh, I have pretty much given up buying from places but try to get too political. Selling me a product doesn't give you any right to tell me how to think or what to think. Just focus on selling me a great product with great service and we will get along fine.",
"3036 SW Martin Downs Blvd, Palm City, FL 34990",Allen Simon,2021-06-10,5,"I want to compliment the staff at this Starbucks coffee shop, after ordering a coffee & cinnamon bun, having a seat at a table enjoying quiet time I realized not having my I-pad, I know or thought I had it with me? I stood looking down the counter nothing. Being a senior I do forget at times. When I got. Home realizing I don't have it I returned to the shop asking if an I-pad found the gentleman behind counter reached over, with my pad. Thanking him ? Offering a reward he said no thanks glad it was returned. Well thank you thank you, thank you, I enjoyed the rest of my day.",
"3036 SW Martin Downs Blvd, Palm City, FL 34990",Haley Stonaker,2020-06-10,4,"this is always my go to Starbucks. Danny, Cole, and Elizabeth are the best workers. But there is one associate at Starbucks who never shows decency to his customers, Thomas. Who is always nothing but rude to me when i show the highest of respect when i go to the establishment. He never shows quality customer service and should learn to be kinder to customers and should take a moment out of day to ask how their day is.",
"3036 SW Martin Downs Blvd, Palm City, FL 34990",Christine Munoz,2020-06-10,2,"Well....the pros are it‚Äôs spacious and there is usually seating with a big parking lot. The major con is that the staff appears young enough to require adult supervision. Lots of joking/screaming between the staff, borderline racist talk and open use of profanity. Near shocking to be honest. I‚Äôll be calling to speak to the manager on Monday and considering calling corporate. Can‚Äôt even say the one on federal is better, but I guess I can‚Äôt compare to NYC where adults are hired and NEED their jobs.",
"3036 SW Martin Downs Blvd, Palm City, FL 34990",Caylee Weintraub,2024-08-13,5,"Excellent, fast service. Alaina gave me amazing drink recommendations with very pleasant service and I had a delicious chai!",Food:5 | Service:5 | Atmosphere:5
"3036 SW Martin Downs Blvd, Palm City, FL 34990",Rebecca Mongolai,2021-06-10,1,Nick was not a good order taker. He repeatedly kept asking what we ordered because he forgot and kept saying they didn‚Äôt have certain ingredients when the drinks are literally made with them so I couldn‚Äôt get what I wanted. Once we got to the window he then again asked us what we ordered. He gave my friend whipped cream when she specifically said NO whipped cream for medical reasons. He forgot my other friends pumpkin bread. And gave them both wrong sized drinks. This whole ordeal took about 15 minutes. And the matcha had way too much in it I could taste the powder even after mixing it.,
"3036 SW Martin Downs Blvd, Palm City, FL 34990",Rugged Life Handmade Crystal Jewelry,2023-06-10,5,I like the area for sitting both inside and out and the customer service is great! My was extra kind and made sure my drink was made the way I like it! Please take care of the partners! They‚Äôre the best üíÅüèª‚Äç‚ôÄÔ∏è thank you ‚Ä¶,
"3036 SW Martin Downs Blvd, Palm City, FL 34990",Isla Hammel,2022-06-10,3,"I ordered a small Strawberry Refresher & a Bagel. I got my Strawberry Refresher with no problems, meanwhile I noticed the bagel was taking a while. I checked my order, ‚ÄúItems in order, 1‚Äù I was surprised because the guy claimed EVERYTHING I said. I went and asked, but he never actually said he was getting the bagel ready. I payed $6.00. Overpriced.",
"3036 SW Martin Downs Blvd, Palm City, FL 34990",Robert Inderlin,2023-06-10,3,The only attribute this location offers is a good cup of coffee (latte). The music is always excessively loud. There is no comfortable seating. Barristas make no attempt to get to know the patrons. This location continues to disappointment.,
"3036 SW Martin Downs Blvd, Palm City, FL 34990",Brittany Allen,2020-06-10,2,"I seriously hate when I have to come to this location, they‚Äôre constantly out of stock of certain items, don‚Äôt change their menu to reflect availability, long lines, & have messed up my order multiple times. Will probably just take the extra 5 mins to drive to the Stuart one for now on. Only reason I have the extra star is because one of the employees there is always very friendly and accommodating, but other than that save your time and go elsewhere.",
"3036 SW Martin Downs Blvd, Palm City, FL 34990",Ava Carino,2021-06-10,1,Terrible service and rude workers. We waiting 20+ minutes just to not have what we asked for. Our drink was sitting in the back for over 10 minutes and worker laughed when it was handed to us. We asked for a spoon and they didn‚Äôt know how to offer it to us so we just didn‚Äôt get one and workers went back to doing there own thing. Go to a different Starbucks where you can here them speak to you. This place sucks!,
"3036 SW Martin Downs Blvd, Palm City, FL 34990",m beary,2023-06-10,5,Love Starbucks.  Don't like their inability to call a small coffee SMALL.  Next time I'll try ordering by ounces.  That is the only issue I have with them.,
"3036 SW Martin Downs Blvd, Palm City, FL 34990",Logan Roeck,2019-06-11,5,Honestly my favorite Starbucks location. I work in the same plaza and I am at Starbucks probably everyday. I‚Äôm always greeted and treated so nicely from EVERY SINGLE employee. Love love love you guys! Keep up the great work.,
"3036 SW Martin Downs Blvd, Palm City, FL 34990",Jay Universal94,2025-04-10,5,New location is beautiful and I love it,Food:5 | Service:5 | Atmosphere:5
"3036 SW Martin Downs Blvd, Palm City, FL 34990",Heather,2022-06-10,1,The guy taking drive through orders was talking through a mask and you couldn't understand anything he was saying. Then he got our order wrong (whip when we said no whip on one drink and no coffee in our frappuccino for the other). A few days later when I returned I went inside to avoid the drive through and the music was so loud the girl taking my order couldnt even hear me. I asked for an iced mocha and got a white mocha. Get it together people!!,
"3036 SW Martin Downs Blvd, Palm City, FL 34990",Scott Rang,2019-06-11,1,"Myself and another Customer arrived right at closing Sunday evening. The staff made amusement as I walked up to the front door, even though the web said closed at 9pm. The gentleman pointed at the sign. AS If I was not smart..unintelligent..just how I felt. I will boycott Starbucks and their products forever. Just like that and there will be no customer service guru save this deal.",
"3036 SW Martin Downs Blvd, Palm City, FL 34990",Dante Cargnelutti,2024-06-09,1,"Unfriendly staff, dirty store, no napkins available. Only stop if you really need a coffee. Better to walk a few more miles and find a more suitable store.",Food:1 | Service:1 | Atmosphere:1
"3036 SW Martin Downs Blvd, Palm City, FL 34990",Nikki Ash,2023-06-10,2,"Stuff is very nice but it feels like this location is going downhill a bit. Lights are broken and flickering constantly in the main area. Also, the bathroom was disgusting. I decided to go elsewhere for the first time.",
"3036 SW Martin Downs Blvd, Palm City, FL 34990",Kenneth Burton,2019-06-11,1,I'd been waiting in the drive thru for 10 minutes after the guy couldn't hear me on The speaker.  I finally ordered via the app. Seriously how long can it take to make a cup of coffee? And then they didn't have the breakfast sandwich I ordered that I had paid for on the app and so I had to wait for them to credit it. 20 minutes from start to finish recording in my Google Maps,
"3036 SW Martin Downs Blvd, Palm City, FL 34990",Julie M.,2023-06-10,5,"I have Been going to This StarBucks location in Palm city since Day one!
The Service is Great!! ‚ÄúJames‚Äù Shift Manager Good Fit For this Location!
Great Customer Service! : )) thank you!!",
"3036 SW Martin Downs Blvd, Palm City, FL 34990",Lisa Vasquez,2023-06-10,5,Well I think the Starbucks in Palm City is absolutely terrific with her customer service and handling the busy drive-through location. I‚Äôm just very surprised that they‚Äôre closed right now due to the boil water in Palm City. You would think a corporation of this size would have some kind of contingency plan in place.,
"3036 SW Martin Downs Blvd, Palm City, FL 34990",Mary Sweeney,2021-06-10,1,"Woman's bathroom was disgusting. There was pee all over the seat and when I told this tall young man,(employee) about it, his response was ""well we clean it every night!"" Might want to consider cleaning it during the day too....",
"3036 SW Martin Downs Blvd, Palm City, FL 34990",L K,2017-06-11,2,"So I decided to treat myself today cause this week has been very long. I preordered Starbucks on my way into work, picked it up in the drive thru, and proceeded on my way. Decided to read the label before drinking it and thank god cause it literally would have killed me (allergies). I told you my name was Laurel you repeated it back then gave me a drink for Merry. Seriously. So I tried to call the place but apparently the mobile customer I dialed isn't available right now so they need to update both the app and google cause that's some crap. So ultimately I'm going to have to wait till after work, go back there, take the espresso drink I didn't order in and return it and get my card refunded because no way can I drink espresso after 3pm.

This is the second time I've been to this Starbucks but the first mobile order. Needless to say not impressed.",
"3036 SW Martin Downs Blvd, Palm City, FL 34990",Charlie Bean,2024-06-09,5,One of the best crew of baristas that we've encountered.  We always feel so welcome in-store and in the drive-thru!,Food:5 | Service:5 | Atmosphere:5
"3036 SW Martin Downs Blvd, Palm City, FL 34990",steve seravalli,2023-06-10,3,"I‚Äôve had better Starbucks is usually on the money, but this is the first time I wasn‚Äôt very happy with the product they put out I don‚Äôt know if they‚Äôre just new rules or they didn‚Äôt understand how to make a flat white but I wasn‚Äôt very happy",
"3036 SW Martin Downs Blvd, Palm City, FL 34990",KaotixMusic,2022-06-10,2,This Starbucks has like 1 person making orders while everyone else is messing around (as I‚Äôm watching with my own eyes right now) with a drive thru backed up soooo far back and atleast 10 people inside waiting here for 15 mins for their orders. I‚Äôve been to a crowded Black Rifle Coffee Company shop in the middle of Knoxville Tennessee on a Saturday afternoon that got me my order faster with the same amount of people behind the counter,
"3036 SW Martin Downs Blvd, Palm City, FL 34990",Karen Cantor,2021-06-10,5,Love the fall featured menu. Hooked on my iced pumpkin spice latte,
"3036 SW Martin Downs Blvd, Palm City, FL 34990",Theo Mcbride,2019-06-11,4,Love Starbucks!! The employee behind the counter though seemed very annoyed and probably was having a bad day. Place was clean and well maintained but employees like that will drive away business and with 5 locations in this area I guess they are fine with it,
"3036 SW Martin Downs Blvd, Palm City, FL 34990",Erick Day,2022-06-10,4,"Love Starbucks, but their prices are crazy. That's the only reason for the four stars. Coffee is almost always spot on perfect and the staff is friendly and helpful.",
"3036 SW Martin Downs Blvd, Palm City, FL 34990",Jane Fox,2023-06-10,5,Loved the little samples they came around with. Prompted me to try one of Starbucks ice tea üòã My favorite is still your Mango Dragonfruit Refresher w/ lemonadeüòã,Food:5 | Service:5 | Atmosphere:5
"3036 SW Martin Downs Blvd, Palm City, FL 34990",Izzy Bella,2022-06-10,5,"Very nice staff and fantastic service, Jesse was super helpful and handled my (admittedly complicated) order so quickly and made my drink PERFECT. This location is kinda out of my way but I'll drive extra to see him !! :D",
"3036 SW Martin Downs Blvd, Palm City, FL 34990",Ron Hayes,2020-06-10,2,"Unfortunately I work very close to this location and just out of convenience I use it. Three to four days out of the week they run out of coffee and make no attempt to brew coffee until customer arive. Additionally they are out of cup sleeves. stir sticks, napkins and cream. This is a poorly run location. It desperately needs upper management attention",
"3036 SW Martin Downs Blvd, Palm City, FL 34990",kathleen milam,2019-06-11,5,"I go to this location literally everyday on my way to work. Right outside my neighborhood and the staff is amazing!! Chris, suzi, cari, woody and the list can go on! You all are so welcoming  and warm every time I pull up! Keep up the good work guys!!!",
"3036 SW Martin Downs Blvd, Palm City, FL 34990",Rcklove3,2021-06-10,5,Hands down the best Starbucks I went to! They are very quick and have very kind staff and definitely know how to make their drinks right every time! I highly recommend this location!,
"3036 SW Martin Downs Blvd, Palm City, FL 34990",Jayden Jimenez,2024-06-09,2,They forgot to fill a whole quarter of my drink.,Food:2 | Service:3 | Atmosphere:4
"3036 SW Martin Downs Blvd, Palm City, FL 34990",De D.,2019-06-11,5,"There is virtually nothing negative to say about this Starbucks.  Everytime I come the employees are always pleasant and upbeat, the facility is very clean and atmosphere extremely pleasant.  Definitely 5 Stars.",
"3036 SW Martin Downs Blvd, Palm City, FL 34990",shaun mcnevin,2021-06-10,1,"It‚Äôs faster to drive 15 minutes to the next Starbucks and wait in their drive thru than going to this one. Horribly slow every time and I haven‚Äôt seen any others this slow. Guys, just drink the coffee and move your feet.",
"3036 SW Martin Downs Blvd, Palm City, FL 34990",Ashley Kuriakose,2024-06-09,1,"Rude staff, coffee tasted burnt and no couches. They hide the sugar and stirs behind the counter.",Food:1 | Service:1 | Atmosphere:1
"3036 SW Martin Downs Blvd, Palm City, FL 34990",Keila Garcia,2021-06-10,5,100% satisfied!!! I ordered 10 drinks via the Starbucks app for in store pick up. All made perfect to order. Great customer service.,
"3036 SW Martin Downs Blvd, Palm City, FL 34990",Noah Hogan,2024-06-09,1,Customer service was terrible got my order wrong twice and the began to talk about me when I complained and asked them to make another one. Very disappointing!!,Food:3 | Service:1 | Atmosphere:1
"3036 SW Martin Downs Blvd, Palm City, FL 34990",Akane ST,2019-06-11,1,"One of the employees (cashiers) were very rude, didn‚Äôt even greet us. When I went to order he seemed to not of heard me. He had AirPods in and gave me a ‚Äúhuh‚Äù as a respond and put in the wrong order. I wouldn‚Äôt even give a 1 star.",
"3036 SW Martin Downs Blvd, Palm City, FL 34990",Zyer,2021-06-10,1,"Absolutely terrible, every single time I go there they can not Make my drink right at all. How do you forget to put vanilla in a freaking vanilla iced coffee... every single time. 10/10 would not recommend.",
"3036 SW Martin Downs Blvd, Palm City, FL 34990",Anahi Ponce,2024-09-12,5,Everyone is always very nice even when they‚Äôre hectic busy.,Food:5 | Service:5 | Atmosphere:5
"3036 SW Martin Downs Blvd, Palm City, FL 34990",Erin Knight,2017-06-11,4,Nice setup and having a drive thru in Palm City is a must!,
"3036 SW Martin Downs Blvd, Palm City, FL 34990",Dominic Vario,2017-06-11,5,"I frequently place large orders for my office here and the staff are always cheery and helpful. Once in a blue moon, they'll get an order wrong, but nothing out of the realm of human error.",
"3036 SW Martin Downs Blvd, Palm City, FL 34990",Carly Batts,2019-06-11,5,Just got the Cinnamon Shortbread with a recommended twist from Kionn in the drivethru it was AMAZING! Always love coming to this Starbucks the staff is super friendly and happy to help your day go right!,
"3036 SW Martin Downs Blvd, Palm City, FL 34990",Kelsey Donaho,2018-06-11,5,Great staff at this location. Definitely my favorite Starbucks to go to. Always get the order right and are super friendly.,
"3036 SW Martin Downs Blvd, Palm City, FL 34990",ava starzyk,2022-06-10,1,"They don‚Äôt know how to make cold foam, don‚Äôt get the orders right and don‚Äôt care. Clueless in there and it‚Äôs so upsetting! We went back twice and asked for our drinks correctly and they still didn‚Äôt get it right.",
"3036 SW Martin Downs Blvd, Palm City, FL 34990",Brittany Riddle,2022-06-10,1,Absolutely terrible every time I have gone here. The staff is rude and at least one of my drinks is messed up every single time. I will not be going to this location ever again.,
"3036 SW Martin Downs Blvd, Palm City, FL 34990",Joe Cardwell,2024-06-09,5,Fun time with friends great coffee and sweet treats. Friendly staff especially Sam one of the baristas,Food:4 | Service:5 | Atmosphere:4
"3036 SW Martin Downs Blvd, Palm City, FL 34990",K Fo,2020-06-10,5,Latte was very good and classic coffee cake was exceptional! Keep up all the great smiles and greetings- always a happy place üëå ‚Ä¶,
"3036 SW Martin Downs Blvd, Palm City, FL 34990",demi Mabo,2019-06-11,1,They dont know how to make iced coffee with foam. Freddo Cappuccino as they say in Europe. They re doing it all wrong and as a result of that I drunk milk with cappuccino and creaspy sugar on the bottom of the glass with foam which disappeared in 1 minute. First of all they should not put pure milk inside cappuccino. Only foam...and many other...,
"3036 SW Martin Downs Blvd, Palm City, FL 34990",Tony Canton,2019-06-11,1,Slow slow slow drive through. Waited 15+ minutes from screen to receive beverages. Crew seemed to chat amongst themselves as opposed to focusing on orders and lengthy drive through line. Very disappointed.,
"3036 SW Martin Downs Blvd, Palm City, FL 34990",limitless Coker,2019-06-11,1,Worst coffee I‚Äôve ever had. Don‚Äôt ever get the almond milk it‚Äôs always spoiled. Have tried several different places has never been a win for me.,
"3036 SW Martin Downs Blvd, Palm City, FL 34990",Micah Adrianna,2019-06-11,5,Come here for my tea lattes almost every morning. They are always friendly and accommodating. It really makes my morning brighter.,
"3036 SW Martin Downs Blvd, Palm City, FL 34990",Nick Grecco,2019-06-11,5,New Starbucks in Port St Lucie one on Gatlin Boulevard before I 95 and the other one on Port St Lucie Boulevard East of the turnpike and one Starbucks in Port St Lucie West Boulevard we are finally blessed with Starbucks the one that we had before I'm Becker Road and the Turnpike they took out several years ago which was a mistake.,
"3036 SW Martin Downs Blvd, Palm City, FL 34990",Hiram Collazo,2024-08-13,5,Easy parking and good country food for a Cuban from miami,Food:5 | Service:5 | Atmosphere:5
"3036 SW Martin Downs Blvd, Palm City, FL 34990",Jessalyn Crowe,2020-06-10,2,"I‚Äôve been sitting in a line behind three cars for over 15 minutes what are y‚Äôall doing picking coffee beans In the back?
This is a constant issue every time I come here, I‚Äôm always stuck in a line for the longest time.",
"3036 SW Martin Downs Blvd, Palm City, FL 34990",James,2024-06-09,5,"Nice starbucks, service is good and they move as fast as they can.",Food:5 | Service:5 | Atmosphere:5
"3036 SW Martin Downs Blvd, Palm City, FL 34990",Ronald Smith,2022-06-10,1,Thecfood is all microwavmed and nothing is fresh. Day old sandwich's lay in the ice box for 2 to 3 days before new ones are nade.,
"3036 SW Martin Downs Blvd, Palm City, FL 34990",Lisa Michaels,2019-06-11,2,"Absolute slowest drive through on the planet.  Though quite courteous, they need to understand the limits of conversation, people have places to go.",
"3036 SW Martin Downs Blvd, Palm City, FL 34990",Bob Koerner,2023-06-10,5,"It pays to get there earlier, especially on the weekends.  We got in and out before the big crowds arrived on a Sunday morning.",Food:5 | Service:5 | Atmosphere:4
"3036 SW Martin Downs Blvd, Palm City, FL 34990",Adam Roman,2019-06-11,5,"This is a really Starbucks , with a an outside sitting area and plenty of parking with no other businesses connected to this separate building.. Enjoy your Gold Star membership with free coffee refills here !",
"3036 SW Martin Downs Blvd, Palm City, FL 34990",Trevor Tonkovich,2019-06-11,5,Awesome job by the hiring manager. The team behind the counter is always very happy. Keep up the good work.,
"3036 SW Martin Downs Blvd, Palm City, FL 34990",Greg Stengel,2019-06-11,5,Best Starbucks I've ever been to. Everyone seems so genuinely great! And the orders are always perfect!,
"3036 SW Martin Downs Blvd, Palm City, FL 34990",Joe,2022-06-10,2,"Drive thru is way too slow and when you go inside all 5 employees barely working. Don‚Äôt go here if you have to go to work, you will be late being stuck in this sorry excuse for a Starbucks",
"3036 SW Martin Downs Blvd, Palm City, FL 34990",theslowride66,2024-06-09,3,Noisy & staff was lazy they couldn't even tell me my order was up.,Service:1 | Atmosphere:1
"3036 SW Martin Downs Blvd, Palm City, FL 34990",Matt M.,2019-06-11,5,Very friendly staff. Extremely clean as well. Starbucks is a great environment for study and work alike.,
"3036 SW Martin Downs Blvd, Palm City, FL 34990",j sparks,2020-06-10,1,"They cant get a simple cup of coffee right.  Either coffee is cold, old or I ask for non fat milk they give me whole milk.  Wont go bacl",
"3036 SW Martin Downs Blvd, Palm City, FL 34990",Christina M,2023-06-10,1,"None of the baristas are willing to help, they comes off rude. Coffee was definitely not the hype.",
"3036 SW Martin Downs Blvd, Palm City, FL 34990",Hannah Shapiro,2021-06-10,5,Ordered ahead and picked up inside. Order was ready on time (early even!) and made correctly. Friendly staff.,
"3036 SW Martin Downs Blvd, Palm City, FL 34990",Eldra Macl,2020-06-10,2,The employees was courteous but the customers looked at me so much like I didn't belong. I felt uncomfortable,
"3036 SW Martin Downs Blvd, Palm City, FL 34990",Jen M,2022-06-10,1,"they messed up my order, my frappe had whip cream when i told them no whip, it was also extremely sweet, they forgot to add my extra shot in and they also forgot to add cream to my iced coffees",
"3036 SW Martin Downs Blvd, Palm City, FL 34990",Kaitlyn Smith,2017-06-11,5,The baristas are some of the nicest I've seen. They are awesome and go above and beyond. My favorite Starbucks by far üòÉ ‚Ä¶,
"3036 SW Martin Downs Blvd, Palm City, FL 34990",Madeleine T,2021-06-10,5,"Clean, plenty of room in parking lot for our RV. Nice and safe location, not far from the highway.",
"3036 SW Martin Downs Blvd, Palm City, FL 34990",Michael Stone,2024-06-09,5,Staff here are on top of thier game. Never any issues at this location.,Food:5 | Service:5 | Atmosphere:5
"3036 SW Martin Downs Blvd, Palm City, FL 34990",Deanna Valdes,2020-06-10,5,I tried the new peppermint mocha coffee and it was delicious! It's just perfect for getting one into the holiday spirit!,
"3036 SW Martin Downs Blvd, Palm City, FL 34990",Tom Chaikin,2019-06-11,1,Went there this morning with my father who is WWII veteran and received terrible service.  We have contacted the corporate store and made it clear that the employee we dealt with should not be working for their company.,
"3036 SW Martin Downs Blvd, Palm City, FL 34990",Ron Miranda,2024-06-09,5,Always a great experience!!  Staff is always friendly and pleasant!!,Food:5 | Service:5 | Atmosphere:5
"3036 SW Martin Downs Blvd, Palm City, FL 34990",John Kulla,2020-06-10,1,This place is ridiculous. Catering to the drive through and waited a half an hour forn2 drinks. No pleased at all.,
"3036 SW Martin Downs Blvd, Palm City, FL 34990",Lynn Scherer,2023-06-10,5,"Very friendly, great food, great service! Always get it right!",Food:5 | Service:5 | Atmosphere:5
"3036 SW Martin Downs Blvd, Palm City, FL 34990",Matt Evans,2024-06-09,2,Coffee is always burnt. Thin runny foam on cold brews,Food:2 | Service:4 | Atmosphere:4
"3036 SW Martin Downs Blvd, Palm City, FL 34990",Regina Lee,2019-06-11,5,Great service! Friendly faces! I travel 35 minutes just to get coffee. Love it here.,
"3036 SW Martin Downs Blvd, Palm City, FL 34990",Jessica Husted,2021-06-10,1,This is the absolute worst Starbucks to go too - go to another one - they get your order wrong the food is cold and that is after waiting for 30 minutes - beware stay away,
"3036 SW Martin Downs Blvd, Palm City, FL 34990",Prem Sehgal,2023-06-10,5,Nice Coffee  & Croissants as always.,Food:5 | Service:4 | Atmosphere:4
"3036 SW Martin Downs Blvd, Palm City, FL 34990",Darren Schwartz,2021-06-10,5,Love that this Starbucks still has Reserve (it's the closest). Very quick & professional.,
"3036 SW Martin Downs Blvd, Palm City, FL 34990",Rachael Budd,2023-06-10,4,Coffee was great- longer wait than I am used to for Starbucks.,
"3036 SW Martin Downs Blvd, Palm City, FL 34990",Jim Zabriskie,2023-06-10,4,"Wow, I get at least 3 different versions of the same iced latte everytime I go here.",Food:4 | Service:3 | Atmosphere:4
"3036 SW Martin Downs Blvd, Palm City, FL 34990",lisa knowles,2021-06-10,5,Kids don't like the peppermint hot coco. I always enjoy everything in the store,
"3036 SW Martin Downs Blvd, Palm City, FL 34990",David Koback,2020-06-10,1,Slow slow slow unreal this place is a JOKE order took 10 minutes longer than mobile app told us order would take. This location is TERRIBLE!!!!!!!!,
"3036 SW Martin Downs Blvd, Palm City, FL 34990",hadi ali,2018-06-11,3,People here so sooo nice,
"3036 SW Martin Downs Blvd, Palm City, FL 34990",Kristie Simon,2019-06-11,5,Great service! I purchased 2 coffee drinks & 2 cake pops & they gave me one for free.,
"3036 SW Martin Downs Blvd, Palm City, FL 34990",Luke O.,2018-06-11,5,"Fat and efficient service, friendly smiling staff, clean and unique space.

Everything you'd want from a Starbucks.",
"3036 SW Martin Downs Blvd, Palm City, FL 34990",Terra Monique Maggio,2017-06-11,4,"Love this Starbucks!  Faster drive thru,  better service,  better accuracy than Stuart Monterey location!",
"3036 SW Martin Downs Blvd, Palm City, FL 34990",Morgan Wilson,2024-08-13,4,Very busy but fast location,Food:4 | Service:4 | Atmosphere:4
"3036 SW Martin Downs Blvd, Palm City, FL 34990",Mitch,2017-06-11,5,"This is a really nice Starbucks inside. I had stopped by on my way to Orlando, good stuff   :D",
"3036 SW Martin Downs Blvd, Palm City, FL 34990",Britt Brandon,2020-06-10,4,"Service in the drive thru always takes a bit, but the food is hot and the coffee is...well, it's Starbucks! üòä ‚Ä¶",
"3036 SW Martin Downs Blvd, Palm City, FL 34990",Maria Gabriela Kiernan,2020-06-10,2,The slowest Starbucks I have ever visited. The floors are dirty n the staff doesn‚Äôt acknowledge you when you walk into the store üëéüèªüëéüèª ‚Ä¶,
"3036 SW Martin Downs Blvd, Palm City, FL 34990",Glen P,2021-06-10,4,"Good, not great.  Mainly due to the pandemic.  I will give them another shot after.",
"3036 SW Martin Downs Blvd, Palm City, FL 34990",Thiago Oliveira,2019-06-11,5,Best Starbucks in the county. Friendliest baristas around and they make quality drinks.,
"3036 SW Martin Downs Blvd, Palm City, FL 34990",Eric Barreca,2019-06-11,3,Not sure what's going on with their drive-thru lately but don't expect to get through their quickly,
"3036 SW Martin Downs Blvd, Palm City, FL 34990",Team Wilson,2024-06-09,5,Amazing service. All so friendly,Food:5 | Service:5 | Atmosphere:5
"3036 SW Martin Downs Blvd, Palm City, FL 34990",Deborah Driskill,2023-06-10,5,Shout out to Miguel. He provided us with excellent service and is very nice.,
"3036 SW Martin Downs Blvd, Palm City, FL 34990",Elizabeth Hoogkamp,2019-06-11,5,Staff was very friendly. I went through the drive-thru when they were very helpful.,
"3036 SW Martin Downs Blvd, Palm City, FL 34990",Jennifer Elliott,2020-06-10,4,Mango dragonfruit lemonade and the almond croissants are delish!!! Fav breakfast pit stop,
"3036 SW Martin Downs Blvd, Palm City, FL 34990",Rebecca Kate Landis,2021-06-10,3,"They were out of a highly advertised drink, which was disappointing to my daughter, but my Frappuccino was good",
"3036 SW Martin Downs Blvd, Palm City, FL 34990",Roxana Callentine,2019-06-11,5,Wish they would stop featuring a flavor n get rid of. Otherwise great,
"3036 SW Martin Downs Blvd, Palm City, FL 34990",Chris hoover,2017-06-11,4,Clean place to get your coffee. Good location. Typical Starbucks.,
"3036 SW Martin Downs Blvd, Palm City, FL 34990",Garreth Brown,2017-06-11,5,"Love the manager (Natasha) she is a fun, friendly customer oriented person.",
"3036 SW Martin Downs Blvd, Palm City, FL 34990",Krystal Sims,2020-06-10,5,Awesome staff and awesome service great restaurant to get some coffee,
"3036 SW Martin Downs Blvd, Palm City, FL 34990",Brandon Wood,2017-06-11,5,Stopped in here for coffee while visiting family in the area. I found the staff extremely warm and friendly.,
"3036 SW Martin Downs Blvd, Palm City, FL 34990",Erin Westberg,2023-06-10,5,Short hours but amazing staff and convenient location!,Food:5 | Service:5 | Atmosphere:5
"3036 SW Martin Downs Blvd, Palm City, FL 34990",Erika M,2021-06-10,5,Thiago and Elizabeth are a literal joy. This is a really lovely Starbucks ‚ù§Ô∏è,
"3036 SW Martin Downs Blvd, Palm City, FL 34990",Charlotte Washington,2021-06-10,5,Always love Starbucks! Fat service inside and very friendly baristas,
"3036 SW Martin Downs Blvd, Palm City, FL 34990",O'Shane Campbell,2019-06-11,5,Store manager really makes it a one of a kind Starbucks experience,
"3036 SW Martin Downs Blvd, Palm City, FL 34990",Erika M,2020-06-10,5,Great atmosphere and energetic staff! Drinks are good too.,
"3036 SW Martin Downs Blvd, Palm City, FL 34990",iselyanais,2017-06-11,1,Came here happy to try a new drink and got rude customer service from a fake red head.,
"3036 SW Martin Downs Blvd, Palm City, FL 34990",Nicole Damberg,2020-06-10,1,This has to be the slowest Starbucks to ever exist and every time I‚Äôm in here they ‚Äúforget‚Äù some of my items,
"3036 SW Martin Downs Blvd, Palm City, FL 34990",Lorraine Lincoln,2024-06-09,5,"Great customer service, even at closing üòä",Food:5 | Service:5 | Atmosphere:5
"3036 SW Martin Downs Blvd, Palm City, FL 34990",Danyal Ahmed,2019-06-11,4,Ordered online and went to pick up on time. Quick and easy.,
"3036 SW Martin Downs Blvd, Palm City, FL 34990",James Kimmins,2019-06-11,4,It is a nice coffee place with a wide variety of stuff to buy.,
"3036 SW Martin Downs Blvd, Palm City, FL 34990",Marco Calderon,2020-06-10,1,literally the slowest drive thru I've ever been to. i loathe coming here,
"3036 SW Martin Downs Blvd, Palm City, FL 34990",S,2024-06-09,5,Very friendly staff. Strong coffee,Food:5 | Service:5 | Atmosphere:2
"3036 SW Martin Downs Blvd, Palm City, FL 34990","Pauline Crain, Real Estate Consultant",2022-06-10,3,Had difficulty getting my hot tea. They forgot me.,
"3036 SW Martin Downs Blvd, Palm City, FL 34990",Wesley Simpson,2021-06-10,4,Got to love a great cup of coffee. Especially with the whipped cream,
"3036 SW Martin Downs Blvd, Palm City, FL 34990",Karina N,2024-06-09,2,How long does it take to make a cup of coffee? 25 minutes?,Service:1
"3036 SW Martin Downs Blvd, Palm City, FL 34990",Will Vega,2018-06-11,5,"Very clean, Manager and staff on duty was very pleasant to speak with.",
"3036 SW Martin Downs Blvd, Palm City, FL 34990",Tiffany W.,2021-06-10,5,Great Drinks! Friendly service and very fast!,
"3036 SW Martin Downs Blvd, Palm City, FL 34990",car wash,2023-06-10,5,Lovely customer service,
"3036 SW Martin Downs Blvd, Palm City, FL 34990",Jonathan Maki,2023-06-10,4,I may not have a manbun or a ponytail but I like this Starbucks,
"3036 SW Martin Downs Blvd, Palm City, FL 34990",Edward Pisani Jr,2018-06-11,4,Busy drive thru location,
"3036 SW Martin Downs Blvd, Palm City, FL 34990",Shawn D,2023-06-10,5,Quick service through the drive thru,Service:5
"3036 SW Martin Downs Blvd, Palm City, FL 34990",Lynda St Julien,2020-06-10,3,I love the coffee drinks but hate their Corporate anti-Trump rhetoric.,
"3036 SW Martin Downs Blvd, Palm City, FL 34990",sonia alvarez,2022-06-10,2,Had no bagels had no sandwiches had nothing food only cheese danish!!,
"3036 SW Martin Downs Blvd, Palm City, FL 34990",james brodie,2024-11-11,5,I love the store,Food:5 | Service:5 | Atmosphere:5
"3036 SW Martin Downs Blvd, Palm City, FL 34990",Karen Vining,2022-06-10,5,Super friendly service and delicious beverages!,
"3036 SW Martin Downs Blvd, Palm City, FL 34990",Kevin C.,2021-06-10,5,"Spot on. Great location, speedy service- and delicious!",
"3036 SW Martin Downs Blvd, Palm City, FL 34990",Kara,2021-06-10,3,Hot coffee and plenty strong. Fast service,
"3036 SW Martin Downs Blvd, Palm City, FL 34990",Pierre Uteschill,2017-06-11,5,Drive through is convenient but there can be long lines in the morning..,
"3036 SW Martin Downs Blvd, Palm City, FL 34990",janice giovinco,2018-06-11,5,Best Starbucks location! They're the best!,
"3036 SW Martin Downs Blvd, Palm City, FL 34990",Shine Moondancer,2022-06-10,5,Great coffee's. Staff is friendly,
"3036 SW Martin Downs Blvd, Palm City, FL 34990",Kevin McGee,2022-06-10,4,"Cheerful drive-thru, accurate and quick.",
"3036 SW Martin Downs Blvd, Palm City, FL 34990",Rick Kendall,2019-06-11,4,Great place to unwind with great coffee products!,
"3036 SW Martin Downs Blvd, Palm City, FL 34990",Leigh Sanderoff,2024-06-09,5,We are always taken care of at this store.,Food:5 | Service:5 | Atmosphere:5
"3036 SW Martin Downs Blvd, Palm City, FL 34990",wesley simpson,2021-06-10,5,Hot white mocha with whipped cream oh so good,
"3036 SW Martin Downs Blvd, Palm City, FL 34990",CCL,2020-06-10,2,This Starbucks is really slow everytime I go there,
"3036 SW Martin Downs Blvd, Palm City, FL 34990",Nagi Mysore,2024-06-09,5,Very clean and spacious,Food:5 | Service:5 | Atmosphere:5
"3036 SW Martin Downs Blvd, Palm City, FL 34990",Rosemary Breaux,2020-06-10,5,Tried the Nitro coffee too strong for me.,
"3036 SW Martin Downs Blvd, Palm City, FL 34990",Beth Scott,2019-06-11,5,Coffee is fabulous and the staff super friendlyüòé ‚Ä¶,
"3036 SW Martin Downs Blvd, Palm City, FL 34990",Carolyn Knight,2021-06-10,4,Always busy.  Great and speedy service.,
"3036 SW Martin Downs Blvd, Palm City, FL 34990",Chuck Goodman,2019-06-11,4,Drive thru is a disaster...food and service OK,
"3036 SW Martin Downs Blvd, Palm City, FL 34990",srah (Just Monika),2020-06-10,4,i was still thirsty after drinking my drink but oh well ¬Ø\_(„ÉÑ)_/¬Ø,
"3036 SW Martin Downs Blvd, Palm City, FL 34990",Monique Hansman,2019-06-11,5,Best Staff!!! Great coffee,
"3036 SW Martin Downs Blvd, Palm City, FL 34990",Rckimrll 44,2022-06-10,5,The staff here is always helpful and friendly!,
"3036 SW Martin Downs Blvd, Palm City, FL 34990",ROBERT SARUBBI,2020-06-10,5,Really nice atmosphere and staff!,
"3036 SW Martin Downs Blvd, Palm City, FL 34990",Angel Estrada,2016-06-11,5,"Relaxing space, warm atmosphere, and friendly staff.",
"3036 SW Martin Downs Blvd, Palm City, FL 34990",Scout The Otter,2019-06-11,2,They gave me the wrong coffee and wouldnt change it,
"3036 SW Martin Downs Blvd, Palm City, FL 34990",Michael Unger (#UBIEElife),2023-06-10,3,Music much to loud to feel like going 9n again,
"3036 SW Martin Downs Blvd, Palm City, FL 34990",Stephanie Mora,2022-06-10,5,Missing barista Kim Dodt face here.,
"3036 SW Martin Downs Blvd, Palm City, FL 34990",D M,2021-06-10,5,They are a little slow but very friendly,
"3036 SW Martin Downs Blvd, Palm City, FL 34990",Ricardo Castro,2023-06-10,5,"10 plus stars
GREAT coffee",Food:5 | Service:5 | Atmosphere:5
"3036 SW Martin Downs Blvd, Palm City, FL 34990",Mitchell Feasel,2023-06-10,1,Slowest service I've ever seen.,
"3036 SW Martin Downs Blvd, Palm City, FL 34990",Elizabeth Figueiredo,2022-06-10,4,Always clean polite staff.,
"3036 SW Martin Downs Blvd, Palm City, FL 34990",Doug Bomeisler,2016-06-11,5,"Nice location, friendly and helpful staff",
"3036 SW Martin Downs Blvd, Palm City, FL 34990",Jose Martinez,2018-06-11,5,Very friendly staff!! I will go anytime.,
"3036 SW Martin Downs Blvd, Palm City, FL 34990",Nikki Major,2021-06-10,2,They always mess up my drink!,
"3036 SW Martin Downs Blvd, Palm City, FL 34990",Renee Alfonsi,2022-06-10,4,"Good, but limited menu.",
"3036 SW Martin Downs Blvd, Palm City, FL 34990",John Mike,2019-06-11,5,Very quick and nice employees,
"3036 SW Martin Downs Blvd, Palm City, FL 34990",James Rivera,2025-01-10,5,Great coffee,Food:4 | Service:4 | Atmosphere:3
"3036 SW Martin Downs Blvd, Palm City, FL 34990",Jason Kessler,2018-06-11,5,Amazing service. Helpful staff.,
"3036 SW Martin Downs Blvd, Palm City, FL 34990",ElPro jr,2019-06-11,5,"It had good food
And drinks",
"3036 SW Martin Downs Blvd, Palm City, FL 34990",Roger Haigney,2018-06-11,5,Always pretty quick and friendly,
"3036 SW Martin Downs Blvd, Palm City, FL 34990",Samuel Giordano,2020-06-10,5,"Great staff, well run.",
"3036 SW Martin Downs Blvd, Palm City, FL 34990",kathy madden,2022-06-10,5,Always the best of Starbucks in Palm City.,
"3036 SW Martin Downs Blvd, Palm City, FL 34990",Alan Aronson,2016-06-11,5,Great staff and excellent drinks,
"3036 SW Martin Downs Blvd, Palm City, FL 34990",Freddie Wynn,2021-06-10,5,Intricate order...wonderfully filled!,
"3036 SW Martin Downs Blvd, Palm City, FL 34990",Kristen Vanmuysen,2022-06-10,5,Great Starbucks with friendly staff!,
"3036 SW Martin Downs Blvd, Palm City, FL 34990",Emilio A Perez,2022-06-10,5,Good service every time,
"3036 SW Martin Downs Blvd, Palm City, FL 34990",Ronald Alicea,2023-06-10,5,Fast and friendly service.,Food:5 | Service:5 | Atmosphere:5
"3036 SW Martin Downs Blvd, Palm City, FL 34990",al fal,2019-06-11,1,The most overpriced expensive cup of coffee in the world,
"3036 SW Martin Downs Blvd, Palm City, FL 34990",TreasureCoastTeslaTaxi,2024-06-09,5,Not a fan,Food:5 | Service:5 | Atmosphere:5
"3036 SW Martin Downs Blvd, Palm City, FL 34990",Regina T,2021-06-10,3,Servers good need to be quicker,
"3036 SW Martin Downs Blvd, Palm City, FL 34990",J Dodd,2018-06-11,5,In and out fast. Typical place,
"3036 SW Martin Downs Blvd, Palm City, FL 34990",Van Huynh,2019-06-11,5,My favorite coffee place!,
"3036 SW Martin Downs Blvd, Palm City, FL 34990",Camille Giordano,2018-06-11,5,Great people nice crew,
"3036 SW Martin Downs Blvd, Palm City, FL 34990",Ryan Burnett,2017-06-11,5,Morning service is awesome..,
"3036 SW Martin Downs Blvd, Palm City, FL 34990",Cb Cb,2019-06-11,5,"Nice place, quick service",
"3036 SW Martin Downs Blvd, Palm City, FL 34990",Rita Curtis,2021-06-10,5,Excellent customer service.,
"3036 SW Martin Downs Blvd, Palm City, FL 34990",Maryann Post,2023-06-10,5,Great Frappuccino's.,Food:5 | Service:5 | Atmosphere:5
"3036 SW Martin Downs Blvd, Palm City, FL 34990",Robert Borden,2022-06-10,5,Best Starbucks in Martin County,
"3036 SW Martin Downs Blvd, Palm City, FL 34990",Steve & Tina Ruby,2018-06-11,5,Always helpful and friendly.,
"3036 SW Martin Downs Blvd, Palm City, FL 34990",Carly DuBois,2019-06-11,5,Helps keep this mom goin!,
"3036 SW Martin Downs Blvd, Palm City, FL 34990",Shawn Keller,2017-06-11,3,Toilets flushed. Nuff said,
"3036 SW Martin Downs Blvd, Palm City, FL 34990",JoAnne Colenzo,2022-06-10,5,Palm City Starbucks is the best!,
"3036 SW Martin Downs Blvd, Palm City, FL 34990",Grace M,2021-06-10,5,Love it so much!!!,
"3036 SW Martin Downs Blvd, Palm City, FL 34990",L Laury,2017-06-11,5,Amazing every time,
"3036 SW Martin Downs Blvd, Palm City, FL 34990",Katie Careen Hollingsworth Bradshaw,2021-06-10,3,Limited food choices.,
"3036 SW Martin Downs Blvd, Palm City, FL 34990",Jeanette Smith,2023-06-10,3,Too much money,
"3036 SW Martin Downs Blvd, Palm City, FL 34990",Mahsa Barazandeh,2018-06-11,4,Love it,
"3036 SW Martin Downs Blvd, Palm City, FL 34990",Asnel Jeanneus,2023-06-10,5,Great,
"3036 SW Martin Downs Blvd, Palm City, FL 34990",Rob,2019-06-11,5,Great service,
"3036 SW Martin Downs Blvd, Palm City, FL 34990",Michel Jijon,2022-06-10,4,Nice & Clean,
"3036 SW Martin Downs Blvd, Palm City, FL 34990",Hannah Lilienkamp,2020-06-10,5,Great coffee!,
"3036 SW Martin Downs Blvd, Palm City, FL 34990",◊ô◊ï◊ê◊ë ◊ê◊ú◊§◊°◊ô,2020-06-10,5,Good,
"3036 SW Martin Downs Blvd, Palm City, FL 34990",Í∏çÏ†ïÎßå,2022-06-10,5,Kind,
"3036 SW Martin Downs Blvd, Palm City, FL 34990",Rob Sgambellone,2022-06-10,1,Slow and confused.,
"3036 SW Martin Downs Blvd, Palm City, FL 34990",Wasiq Rashid,2018-06-11,5,Fast service,
"3036 SW Martin Downs Blvd, Palm City, FL 34990",Hakan Aksu,2018-06-11,1,Expensive burned coffee,
"3036 SW Martin Downs Blvd, Palm City, FL 34990",Betty Skel,2020-06-10,5,Yes!!!!,
"3036 SW Martin Downs Blvd, Palm City, FL 34990",Luz Silva,2019-06-11,4,Fast and friendly service,
"3036 SW Martin Downs Blvd, Palm City, FL 34990",Deb Ally (couponally),2018-06-11,5,Love the coffee,
"3036 SW Martin Downs Blvd, Palm City, FL 34990",sam,2018-06-11,5,Great coffee,
"3036 SW Martin Downs Blvd, Palm City, FL 34990",Judy Dunn,2021-06-10,5,Fast friendly service,
"3036 SW Martin Downs Blvd, Palm City, FL 34990",Christine Backer,2020-06-10,5,Great,
"3036 SW Martin Downs Blvd, Palm City, FL 34990",Holger Ratz,2024-06-09,5,"Super friendly staff, quick service (we came at lunchtime and it was hella busy). They even promoted new products on the side. Really great!",Food:5 | Service:5 | Atmosphere:5
"3036 SW Martin Downs Blvd, Palm City, FL 34990",S Fernando SN,2024-10-12,5,"I like this site, AVA's service is the best.",Food:5 | Service:5 | Atmosphere:5
"3036 SW Martin Downs Blvd, Palm City, FL 34990",Mario Francisco Herrera Aramayo,2023-06-10,3,Indifferent people. Good place could be more friendly.,Food:4 | Service:2 | Atmosphere:3
"3036 SW Martin Downs Blvd, Palm City, FL 34990",Marisu Torralba,2019-06-11,4,Good place to rest. It's an escape from the highway. And the best of Starbucks products,
"3036 SW Martin Downs Blvd, Palm City, FL 34990",Lianny Marie,2025-04-10,5,,Service:5 | Atmosphere:5
"3036 SW Martin Downs Blvd, Palm City, FL 34990",Jorge Rivero,2019-06-11,5,More of the same,
"3036 SW Martin Downs Blvd, Palm City, FL 34990",Jose Gaspar-Francisco,2024-11-11,5,,Food:5 | Service:5 | Atmosphere:5
"3036 SW Martin Downs Blvd, Palm City, FL 34990",Andrey Marques,2024-10-12,4,,Service:3 | Atmosphere:3
"3036 SW Martin Downs Blvd, Palm City, FL 34990",Kenleigh Pinder,2024-08-13,5,,Food:5 | Service:5 | Atmosphere:5
"3036 SW Martin Downs Blvd, Palm City, FL 34990",A K,2024-07-14,4,,Service:4 | Atmosphere:4
"3036 SW Martin Downs Blvd, Palm City, FL 34990",John Forier,2024-06-09,1,,Service:1 | Atmosphere:1
"3036 SW Martin Downs Blvd, Palm City, FL 34990",Juanita Smith,2024-06-09,5,,Service:5 | Atmosphere:5
"3036 SW Martin Downs Blvd, Palm City, FL 34990",Cecylia Hrynyszyn,2024-06-09,5,,Food:5 | Service:5 | Atmosphere:5
"3036 SW Martin Downs Blvd, Palm City, FL 34990",Business Account,2024-06-09,5,,Service:5 | Atmosphere:4
"3036 SW Martin Downs Blvd, Palm City, FL 34990",Stephine Nicole McCormack,2024-06-09,5,,Food:5 | Service:5 | Atmosphere:5
"3036 SW Martin Downs Blvd, Palm City, FL 34990",Doug Meade,2024-06-09,5,,
"3036 SW Martin Downs Blvd, Palm City, FL 34990",Robert Reinhold,2024-06-09,5,,Service:5 | Atmosphere:4
"3036 SW Martin Downs Blvd, Palm City, FL 34990",Janet Jimenez,2023-06-10,4,,Service:5 | Atmosphere:4
"3036 SW Martin Downs Blvd, Palm City, FL 34990",Ashley T.,2023-06-10,3,,
"3036 SW Martin Downs Blvd, Palm City, FL 34990",Peter Walder,2023-06-10,5,,Service:4 | Atmosphere:4
"3036 SW Martin Downs Blvd, Palm City, FL 34990",Gary Davine,2023-06-10,5,,
"3036 SW Martin Downs Blvd, Palm City, FL 34990",Dennis Robinett,2023-06-10,5,,Food:4 | Service:5 | Atmosphere:5
"3036 SW Martin Downs Blvd, Palm City, FL 34990",Sebastien,2023-06-10,5,,Service:5 | Atmosphere:5
"3036 SW Martin Downs Blvd, Palm City, FL 34990",Rahul Ohri,2023-06-10,4,,
"3036 SW Martin Downs Blvd, Palm City, FL 34990",Agnieszka Szkubel,2022-06-10,4,,
"3036 SW Martin Downs Blvd, Palm City, FL 34990",Marelsy A Alvarado,2022-06-10,5,,
"3036 SW Martin Downs Blvd, Palm City, FL 34990",Leslie Walling,2022-06-10,5,,
"3036 SW Martin Downs Blvd, Palm City, FL 34990",Elissa Siegel Neilson,2022-06-10,5,,
"3036 SW Martin Downs Blvd, Palm City, FL 34990",Phyllis Lorfink,2022-06-10,5,,
"3036 SW Martin Downs Blvd, Palm City, FL 34990",Wolfy Lovers,2022-06-10,5,,
"3036 SW Martin Downs Blvd, Palm City, FL 34990",Krystyn Whaley,2022-06-10,5,,
"3036 SW Martin Downs Blvd, Palm City, FL 34990",KayLeigh Moody,2022-06-10,4,,
"3036 SW Martin Downs Blvd, Palm City, FL 34990",Marie Hamilton,2022-06-10,5,,
"3036 SW Martin Downs Blvd, Palm City, FL 34990",Lisa Robinson,2022-06-10,5,,
"3036 SW Martin Downs Blvd, Palm City, FL 34990",L Fisher,2022-06-10,4,,
"3036 SW Martin Downs Blvd, Palm City, FL 34990",kanit hampitak,2025-06-05,5,,Service:5 | Atmosphere:5
"3036 SW Martin Downs Blvd, Palm City, FL 34990",Lisa Whitcomb,2024-10-12,5,,
"3036 SW Martin Downs Blvd, Palm City, FL 34990",Debby Silla,2024-06-09,4,,
"3036 SW Martin Downs Blvd, Palm City, FL 34990",Sal Lombardo,2024-06-09,5,,
"3036 SW Martin Downs Blvd, Palm City, FL 34990",Alicia Reyes Reyes,2024-06-09,4,,
"3036 SW Martin Downs Blvd, Palm City, FL 34990",Mailyn V,2024-06-09,5,,
"3036 SW Martin Downs Blvd, Palm City, FL 34990",Bernard S SAINT LAURENT,2023-06-10,5,,
"3036 SW Martin Downs Blvd, Palm City, FL 34990",Adam Reid,2023-06-10,5,,
"3036 SW Martin Downs Blvd, Palm City, FL 34990",Teri Racine,2023-06-10,4,,
"3036 SW Martin Downs Blvd, Palm City, FL 34990",Javan Birdwell,2023-06-10,4,,
"3036 SW Martin Downs Blvd, Palm City, FL 34990",Cynthia White,2023-06-10,5,,
"3036 SW Martin Downs Blvd, Palm City, FL 34990",Safira Valen√ßa Bispo,2023-06-10,5,,
"3036 SW Martin Downs Blvd, Palm City, FL 34990",Hani A.,2022-06-10,1,,
"3036 SW Martin Downs Blvd, Palm City, FL 34990",C Fab,2022-06-10,5,,
"3036 SW Martin Downs Blvd, Palm City, FL 34990",Stephanie Ventura,2022-06-10,5,,
"3036 SW Martin Downs Blvd, Palm City, FL 34990",Surayyo Ismatullayeva,2022-06-10,5,,
"3036 SW Martin Downs Blvd, Palm City, FL 34990",Guillermo Hewitt,2022-06-10,5,,
"3036 SW Martin Downs Blvd, Palm City, FL 34990",Elaine Lee,2022-06-10,4,,
"3036 SW Martin Downs Blvd, Palm City, FL 34990",Sanjeev Annavarapu,2022-06-10,5,,
"3036 SW Martin Downs Blvd, Palm City, FL 34990",Junkster Munster Junk Removal,2022-06-10,5,,
"3036 SW Martin Downs Blvd, Palm City, FL 34990",R N,2022-06-10,4,,
"3036 SW Martin Downs Blvd, Palm City, FL 34990",Sheila Dowling,2021-06-10,5,,
"3036 SW Martin Downs Blvd, Palm City, FL 34990",Baldeo Budhram,2021-06-10,4,,
"3036 SW Martin Downs Blvd, Palm City, FL 34990",Barry Keller,2021-06-10,4,,
"3036 SW Martin Downs Blvd, Palm City, FL 34990",Carmen Hilario,2021-06-10,5,,
"3036 SW Martin Downs Blvd, Palm City, FL 34990",Stephanie Alvarez,2021-06-10,3,,
"3036 SW Martin Downs Blvd, Palm City, FL 34990",Heather Pavlik,2021-06-10,5,,
"3036 SW Martin Downs Blvd, Palm City, FL 34990",David Tuma,2021-06-10,5,,
"3036 SW Martin Downs Blvd, Palm City, FL 34990",Harald Eide,2021-06-10,5,,
"3036 SW Martin Downs Blvd, Palm City, FL 34990",Kim Taylor,2021-06-10,5,,
"3036 SW Martin Downs Blvd, Palm City, FL 34990",Kristin Valenti,2021-06-10,5,,
"3036 SW Martin Downs Blvd, Palm City, FL 34990",Lisa M. Tillman,2021-06-10,5,,
"3036 SW Martin Downs Blvd, Palm City, FL 34990",Denise CRUZ,2021-06-10,5,,
"3036 SW Martin Downs Blvd, Palm City, FL 34990",D.TechCloud,2021-06-10,4,,
"3036 SW Martin Downs Blvd, Palm City, FL 34990",Melissa Sams,2021-06-10,5,,
"3036 SW Martin Downs Blvd, Palm City, FL 34990",Slique81,2021-06-10,5,,
"3036 SW Martin Downs Blvd, Palm City, FL 34990",Karen Marquez,2021-06-10,5,,
"3036 SW Martin Downs Blvd, Palm City, FL 34990",Matheus Rocha Carlos,2021-06-10,4,,
"3036 SW Martin Downs Blvd, Palm City, FL 34990",Jdrmunkee Semielite,2021-06-10,4,,
"3036 SW Martin Downs Blvd, Palm City, FL 34990",Tom Winton,2021-06-10,4,,
"3036 SW Martin Downs Blvd, Palm City, FL 34990",Linda Biondi,2021-06-10,5,,
"3036 SW Martin Downs Blvd, Palm City, FL 34990",Rosemary Breaux,2021-06-10,5,,
"3036 SW Martin Downs Blvd, Palm City, FL 34990",Leigh Klein,2020-06-10,5,,
"3036 SW Martin Downs Blvd, Palm City, FL 34990",Melissa Sams,2020-06-10,5,,
"3036 SW Martin Downs Blvd, Palm City, FL 34990",adriona marshall,2020-06-10,5,,
"3036 SW Martin Downs Blvd, Palm City, FL 34990",Judith Tiangco,2020-06-10,3,,
"3036 SW Martin Downs Blvd, Palm City, FL 34990",Alejandro Jonathan Valenzuela Mu√±oz,2020-06-10,5,,
"3036 SW Martin Downs Blvd, Palm City, FL 34990",V V,2020-06-10,5,,
"3036 SW Martin Downs Blvd, Palm City, FL 34990",Anna Andrews,2020-06-10,5,,
"3036 SW Martin Downs Blvd, Palm City, FL 34990",Mitch Walker,2020-06-10,5,,
"3036 SW Martin Downs Blvd, Palm City, FL 34990",Daniel Barszczak,2020-06-10,2,,
"3036 SW Martin Downs Blvd, Palm City, FL 34990",Wendy G,2020-06-10,5,,
"3036 SW Martin Downs Blvd, Palm City, FL 34990",J C,2020-06-10,5,,
"3036 SW Martin Downs Blvd, Palm City, FL 34990",Suzanne Rowell,2020-06-10,3,,
"3036 SW Martin Downs Blvd, Palm City, FL 34990",rozlin levasseur,2020-06-10,3,,
"3036 SW Martin Downs Blvd, Palm City, FL 34990",Jim Hess,2020-06-10,2,,
"3036 SW Martin Downs Blvd, Palm City, FL 34990",Michael Black,2020-06-10,5,,
"3036 SW Martin Downs Blvd, Palm City, FL 34990",Maria Mujica,2020-06-10,5,,
"3036 SW Martin Downs Blvd, Palm City, FL 34990",Edna Anthony,2020-06-10,5,,
"3036 SW Martin Downs Blvd, Palm City, FL 34990",Marialaina Rintone,2020-06-10,5,,
"3036 SW Martin Downs Blvd, Palm City, FL 34990",Eric Bailes,2020-06-10,3,,
"3036 SW Martin Downs Blvd, Palm City, FL 34990",Asvel,2020-06-10,5,,
"3036 SW Martin Downs Blvd, Palm City, FL 34990",Jess Urbay,2020-06-10,5,,
"3036 SW Martin Downs Blvd, Palm City, FL 34990",Valerie Messier,2020-06-10,5,,
"3036 SW Martin Downs Blvd, Palm City, FL 34990",Steve Nutt,2020-06-10,3,,
"3036 SW Martin Downs Blvd, Palm City, FL 34990",Alexa Claire,2020-06-10,4,,
"3036 SW Martin Downs Blvd, Palm City, FL 34990",Carl gittens,2020-06-10,4,,
"3036 SW Martin Downs Blvd, Palm City, FL 34990",Lyle Frank,2020-06-10,5,,
"3036 SW Martin Downs Blvd, Palm City, FL 34990",Tracy Andrews,2019-06-11,4,,
"3036 SW Martin Downs Blvd, Palm City, FL 34990",Lilly Pad,2019-06-11,5,,
"3036 SW Martin Downs Blvd, Palm City, FL 34990",Sol H.,2019-06-11,5,,
"3036 SW Martin Downs Blvd, Palm City, FL 34990",John Hockey,2019-06-11,5,,
"3036 SW Martin Downs Blvd, Palm City, FL 34990",Jass Kent,2019-06-11,5,,
"3036 SW Martin Downs Blvd, Palm City, FL 34990",PokeMage16 Ramos,2019-06-11,5,,
"3036 SW Martin Downs Blvd, Palm City, FL 34990",Heather Wilner,2019-06-11,3,,
"3036 SW Martin Downs Blvd, Palm City, FL 34990",Glenn Williams,2019-06-11,5,,
"3036 SW Martin Downs Blvd, Palm City, FL 34990",Kyle Langenbach,2019-06-11,3,,
"3036 SW Martin Downs Blvd, Palm City, FL 34990",Kingdom hearts gamer,2019-06-11,3,,
"3036 SW Martin Downs Blvd, Palm City, FL 34990",Keith Cossin,2019-06-11,5,,
"3036 SW Martin Downs Blvd, Palm City, FL 34990",Natalia Lafont,2019-06-11,5,,
"3036 SW Martin Downs Blvd, Palm City, FL 34990",carlos maglione,2019-06-11,4,,
"3036 SW Martin Downs Blvd, Palm City, FL 34990",Vincent Virga,2019-06-11,5,,
"3036 SW Martin Downs Blvd, Palm City, FL 34990",Sherria Gilcrease,2019-06-11,4,,
"3036 SW Martin Downs Blvd, Palm City, FL 34990",Mark Mercer,2019-06-11,5,,
"3036 SW Martin Downs Blvd, Palm City, FL 34990",RC Connell,2019-06-11,4,,
"3036 SW Martin Downs Blvd, Palm City, FL 34990",Steve Smith,2019-06-11,4,,
"3036 SW Martin Downs Blvd, Palm City, FL 34990",Monique Pierpont,2019-06-11,4,,
"3036 SW Martin Downs Blvd, Palm City, FL 34990",Wendy Stachowski,2019-06-11,5,,
"3036 SW Martin Downs Blvd, Palm City, FL 34990",Ann Kireyeva,2019-06-11,5,,
"3036 SW Martin Downs Blvd, Palm City, FL 34990",Michael Moyer,2019-06-11,5,,
